<mujoco model="dobot">
<include file="dobot_nova53.xml"/>
<statistic center="1.0 0.7 1.5" extent="0.8"/>
<visual>
<headlight diffuse="0.6 0.6 0.6" ambient="0.1 0.1 0.1" specular="0.9 0.9 0.9"/>
<rgba haze="0.15 0.25 0.35 1"/>
<global offwidth="3840" offheight="2160" azimuth="-140" elevation="-20"/>
<quality shadowsize="4096" offsamples="8"/>
</visual>
<asset>
<texture type="skybox" builtin="flat" rgb1="0 0 0" rgb2="0 0 0" width="512" height="3072"/>
<texture type="2d" name="groundplane" builtin="checker" mark="edge" rgb1="0.2 0.3 0.4" rgb2="0.1 0.2 0.3" markrgb="0.8 0.8 0.8" width="300" height="300"/>
<material name="groundplane" texture="groundplane" texuniform="true" texrepeat="5 5" reflectance="0.2"/>
</asset>
<worldbody>
<light pos="1 0 3.5" dir="0 0 -1" directional="true"/>
<geom name="floor" size="0 0 0.05" type="plane" material="groundplane"/>
    <body name="cube" pos="0.2 0 0.1">
        <inertial pos="0 0 0" mass="0.1" diaginertia="1e-4 1e-4 1e-4"/>
        <geom size="0.02 0.02 0.02" type="box" rgba="1 0 0 1" group="2" contype="1" conaffinity="1"/>
        <freejoint/>
    </body>
</worldbody>
</mujoco>